,spike.perimeter,spike.area
D2108994,19.96101,8.721996
D2109000,21.11197,9.401469
D2109007,20.79794,9.207439
D2109021,20.42553,9.093712
D2109032,22.33885,10.431645
